{"elbo_rm": -145.42031860351562, "iteration": 300, "obj": -141.01596069335938, "_timestamp": 1679305470.476577, "_runtime": 1024.9196691513062, "_step": 699, "_wandb": {"runtime": 1023}}